{"cameraMode":{"drawMode":0,"name":"Shaded","section":"Shading Mode"},"sceneLighting":false,"audioPlay":false,"sceneViewState":{"showFog":true,"showMaterialUpdate":false,"showSkybox":false,"showFlares":true,"showImageEffects":true,"showParticleSystems":true},"in2DMode":false,"pivot":{"x":-1.1375439167022706,"y":2.173539161682129,"z":0.5750818252563477},"rotation":{"x":0.3005092740058899,"y":-0.0668892040848732,"z":0.021130334585905076,"w":0.951209306716919},"size":3.7897045612335207,"orthographic":false}