{"cameraMode":{"drawMode":0,"name":"Shaded","section":"Shading Mode"},"sceneLighting":false,"audioPlay":false,"sceneViewState":{"showFog":true,"showMaterialUpdate":false,"showSkybox":false,"showFlares":true,"showImageEffects":true,"showParticleSystems":true},"in2DMode":false,"pivot":{"x":410.70001220703127,"y":304.79998779296877,"z":0.0},"rotation":{"x":0.15773048996925355,"y":0.008886884897947312,"z":-0.0014199038268998266,"w":0.9874441623687744},"size":239.04403686523438,"orthographic":false}