{"cameraMode":{"drawMode":0,"name":"Shaded","section":"Shading Mode"},"sceneLighting":false,"audioPlay":false,"sceneViewState":{"showFog":true,"showMaterialUpdate":false,"showSkybox":false,"showFlares":true,"showImageEffects":true,"showParticleSystems":true},"in2DMode":false,"pivot":{"x":-1.0644233226776124,"y":0.20053553581237794,"z":-0.05708957463502884},"rotation":{"x":0.3368583917617798,"y":-0.6263626217842102,"z":0.3442228138446808,"w":0.6129717826843262},"size":1.6897048950195313,"orthographic":false}