{"cameraMode":{"drawMode":0,"name":"Shaded","section":"Shading Mode"},"sceneLighting":false,"audioPlay":false,"sceneViewState":{"showFog":true,"showMaterialUpdate":false,"showSkybox":false,"showFlares":true,"showImageEffects":true,"showParticleSystems":true},"in2DMode":false,"pivot":{"x":-2.9184987545013429,"y":8.296551704406739,"z":4.685064792633057},"rotation":{"x":0.5439997315406799,"y":-0.28856220841407778,"z":0.20644590258598329,"w":0.7603934407234192},"size":1.6980910301208497,"orthographic":false}