{"cameraMode":{"drawMode":0,"name":"Shaded","section":"Shading Mode"},"sceneLighting":true,"audioPlay":false,"sceneViewState":{"showFog":true,"showMaterialUpdate":false,"showSkybox":true,"showFlares":true,"showImageEffects":true,"showParticleSystems":true},"in2DMode":false,"pivot":{"x":-80.39055633544922,"y":-24.47844696044922,"z":3.6741223335266115},"rotation":{"x":-0.14370673894882203,"y":0.6637955904006958,"z":-0.13217125833034516,"w":-0.7220304608345032},"size":66.17861938476563,"orthographic":false}