{"cameraMode":{"drawMode":0,"name":"Shaded","section":"Shading Mode"},"sceneLighting":false,"audioPlay":false,"sceneViewState":{"showFog":true,"showMaterialUpdate":false,"showSkybox":false,"showFlares":true,"showImageEffects":true,"showParticleSystems":true},"in2DMode":false,"pivot":{"x":-0.21945738792419434,"y":1.4148759841918946,"z":1.044364094734192},"rotation":{"x":0.43043583631515505,"y":0.3722638487815857,"z":-0.20096103847026826,"w":0.7973587512969971},"size":2.3363449573516847,"orthographic":false}